channel_title,total_views
ChildishGambinoVEVO,3758488765
ibighit,2235906679
Dude Perfect,1870085178
Marvel Entertainment,1808998971
ArianaGrandeVevo,1576959172
MalumaVEVO,1551515831
jypentertainment,1486972132
Sony Pictures Entertainment,1432374398
FoxStarHindi,1238609854
BeckyGVEVO,1182971286
20th Century Fox,1082872611
CalvinHarrisVEVO,1042564430
Ed Sheeran,1032288961
Cardi B,1026247756
TaylorSwiftVEVO,1010955662
Universal Pictures,883707419
ZaynVEVO,838561451
Disney•Pixar,826815182
JenniferLopezVEVO,819466359
Selena Gomez,818792483
YouTube Spotlight,791388476
TheWeekndVEVO,778810304
Daddy Yankee,735203270
Diplo,700357966
Warner Bros. Pictures,665142792
AsapSCIENCE,640139160
Paramount Pictures,626892103
How Ridiculous,612065519
nigahiga,590616191
DrakeVEVO,583521598
LuisFonsiVEVO,534738794
Safiya Nygaard,528434394
Maroon5VEVO,516169845
Saturday Night Live,508000869
Logan Paul Vlogs,484356303
EminemVEVO,478395133
NickiMinajAtVEVO,478247584
Bad Lip Reading,476570575
Clash Royale,465597843
Kylie Jenner,461064419
ShawnMendesVEVO,442730335
Hannah Stocking,441704392
WWE,437968663
ChainsmokersVEVO,427248452
GEazyMusicVEVO,415888915
Lucas the Spider,414149390
CelineDionVEVO,409354166
SamSmithWorldVEVO,406081391
SiaVEVO,403858747
杰威爾音樂 JVR Music,400530463
The Film Theorists,397542779
EnriqueIglesiasVEVO,388850902
FifthHarmonyVEVO,385305225
Lele Pons,380567124
Rita Ora,376114560
Charlie Puth,365112911
BackstreetBoysVEVO,364499372
LiamPayneVEVO,356668800
Walt Disney Animation Studios,351946816
The Weeknd,350967234
SMTOWN,345614221
INSIDER,342052217
Unbox Therapy,341153157
CAguileraVEVO,339235969
Kurzgesagt – In a Nutshell,338422896
Lionsgate Movies,336195405
The Action Lab,331542969
BostonDynamics,328639107
CamilaCabelloVEVO,323947707
Lucas and Marcus,322069343
BuzzFeedVideo,319288139
SelenaGomezVEVO,319264683
Screen Junkies,319075554
Call of Duty,315404711
James Charles,308971512
FBE,302782908
SpaceX,297834246
The Late Late Show with James Corden,296789992
Jimmy Kimmel Live,285418753
PTXofficial,281683953
BuzzFeed Celeb,275753410
KatyPerryVEVO,273333649
The Tonight Show Starring Jimmy Fallon,271426383
The Slow Mo Guys,269936871
Blossom,265680950
MeghanTrainorVEVO,260966692
David Dobrik,255451991
WIRED,253980390
TheEllenShow,253841999
NikkieTutorials,250831472
5-Minute Crafts,249591883
Britain's Got Talent,245064037
NickyJamTV,243713138
Gorillaz,242312137
Focus Features,241268225
Rudy Mancuso,240999117
Marshmello,239805239
Disney Movie Trailers,238563448
CaseyNeistat,232745266
justintimberlakeVEVO,232092388
AbrahamMateoVEVO,229829215
MLG Highlights,228337647
J. Cole,226451213
BANGTANTV,222708704
Domics,217423286
HBO,216945704
Complex,215600399
Bruno Mars,213126073
CalumScottVEVO,207198164
David Guetta,206888493
Marques Brownlee,204868208
CinemaSins,200984487
jacksfilms,199608855
Liza Koshy,198176404
Tasty,197784716
Vogue,196864497
Brave Wilderness,195237547
TroyeSivanVEVO,195158834
Apple,193767049
Smosh,192475834
Nicki Minaj,189185997
ImagineDragonsVEVO,187230825
Netflix,185818315
DemiLovatoVEVO,185779719
The Game Theorists,184640656
Washington Post,184469147
Hulu,183899276
Matt Stonie,183888364
Late Night with Seth Meyers,181602246
Will Smith,178042728
Kanye West,177659300
Global Road Entertainment,176540219
BuzzFeedBlue,175555071
IISuperwomanII,175462864
Jason Derulo,175118409
KendrickLamarVEVO,173712654
SZAVEVO,173610028
HalseyVEVO,173457337
FlorenceMachineVEVO,171933322
Nintendo,169728343
Vanity Fair,167294141
First We Feast,165704839
TWICE JAPAN OFFICIAL YouTube Channel,165470840
The New Yorker,163610853
JennaMarbles,161428450
Gabbie Hanna,160736013
Jaiden Animations,158278108
Queen Naija,156429808
OVO Sound,153924091
Dragonfoxgirl,152765640
The Graham Norton Show,146971573
The Voice,146765823
Matthias,145414559
Movieclips Trailers,144773073
Illumination,144498919
CollegeHumor,143700307
Clean Bandit,143693858
carrieunderwoodVEVO,142418896
Good Mythical Morning,142231380
LOL Network,142221333
Primitive Technology,140610546
Team Coco,140089939
Sidemen,139931957
Shawn Mendes,139625542
PewDiePie,139000629
Mason Ramsey,138535745
NFL,136978912
colinfurze,135961026
American Idol,134964277
CNN,134813215
PinkVEVO,133897758
LaurDIY,131546255
videogamedunkey,129773202
The Official Pokémon YouTube channel,129493150
FaZe Rug,129237089
Tom Scott,128537887
Bon Appétit,128385524
WINNER,126168398
The King of Random,126142267
Dua Lipa,124992796
ABC News (Australia),123714373
The Late Show with Stephen Colbert,123675646
CrazyRussianHacker,123200635
Marzia,122740283
Vox,122633963
shakiraVEVO,122400297
MigosVEVO,122134908
Binging with Babish,120354260
REACT,119914068
Papa Jake,118814466
Architectural Digest,118555079
T-Mobile,117979039
Simply Nailogical,116445329
Star Wars,115402604
Primitive Survival Tool,115323362
Daily Dose Of Internet,114711611
What's Inside?,113555112
Linus Tech Tips,111892921
Ram Trucks,110711462
JunsKitchen,110463061
Vevo,110333348
grav3yardgirl,110136650
Panic! At The Disco,107058402
ESPN,105654218
Bud Light,104489909
BBC Radio 1,104438517
CJENMMUSIC Official,103916178
Kanye West - Topic,103575610
Vat19,102896710
Business Insider,98685090
Anwar Jibawi,97953804
LastWeekTonight,97556377
Fortnite,96760845
Rosanna Pansino,96223956
VH1,96134126
Team Edge,94856948
ExplosmEntertainment,94368973
JamesBayVEVO,94103102
JayRockVEVO,92526244
Epicurious,92508363
Mark Rober,91953204
Guava Juice,91945352
Alan Walker,90600675
Gordon Ramsay,89733691
Erika Costell,89483611
camelsandfriends,88564793
itsAlexClark,88455865
Red Bull,88368538
Jeep,88158175
Turkish Airlines,86666242
FiftyShadesVEVO,86648549
Tati,86618909
Liza Koshy Too,85624308
John Mayer,84573814
Amber Scholl,84057729
jeffreestar,83243512
HyundaiUSA,83086102
You Suck At Cooking,82688310
Jaclyn Hill,80890205
Jess Glynne,80671323
Samsung,80509136
TMZ,79792796
Atlantic Records,79781341
MBCentertainment,79645131
bill wurtz,79117913
Life Noggin,79069240
TinasheOfficialVEVO,78500664
As/Is,77280545
Billboard,76757116
Simone Giertz,76047479
Carter Sharer,76043213
The Dodo,75734561
E! Entertainment,74950439
The Daily Show with Trevor Noah,74462670
HellthyJunkFood,74084405
Cobra Kai,73405049
Dan And Shay,73213624
Collins Key,73162789
Kelly Clarkson,73035531
TED-Ed,72834398
NBA,72404568
HowToBasic,71925742
Discovery UK,70566954
Prince,70170796
Laura Lee,69868146
Bebe Rexha,69860321
Ladylike,69614926
Strictly Dumpling,69479392
miniminter,68842930
Janelle Monáe,68705400
ONE Media,68423206
johnmayerVEVO,68288317
Markiplier,68151773
jacksepticeye,67844712
JelloApocalypse,67087351
Ariana Grande`,65246786
LadyGagaVEVO,64758018
The ACE Family,64609976
Mr. Kate,64584006
5SOSVEVO,64307790
SigridVEVO,64297856
TODAY,64161753
BillieEilishVEVO,62533829
ProZD,62506208
TheReportOfTheWeek,62498648
MiguelVEVO,62469168
ThreadBanger,61856201
Troom Troom,60865590
Helpful Vancouver Vet,60183450
Jake Paul,59855980
PressTube,59744512
Big Marvel,59289312
FOX Soccer,58652962
BBC,58054615
RomanAtwoodVlogs,58044229
Major League Soccer,57886185
AaronsAnimals,57641422
1theK (원더케이),57375949
K-MUSIC,57173158
weezer,56853902
EverythingApplePro,56848420
TIME,56271463
Calvin Klein,55848828
ABC News,55848342
SugarlandVEVO,54881951
Lauv,54851744
Great Big Story,54827141
Bleacher Report,54701875
DJKhaledVEVO,54670201
Ryland Adams,54483792
DanTDM,53614847
Doctor Mike,53468623
zefrank1,53189544
Doug DeMuro,52992409
KhalidVEVO,52267446
DisneyMusicVEVO,52210513
The Verge,51382911
Simon's Cat,51215771
STX Entertainment,50893355
Glamour Magazine,50296677
iJustine,50060269
Casually Explained,49815465
Dwarf Mamba,49190093
Breakfast Club Power 105.1 FM,48960541
ThomasRhettVEVO,48557588
PBS Eons,48184550
GQ,48037772
Lindsey Stirling,47689942
Amazon Studios,47138808
Matt Bentkowski,46887692
Inside Edition,46579604
Intuit,46410511
Kitchen Nightmares,46187773
AlishaMarie,46149124
TRYANGLE FILMS,46062940
Hometalk,45947903
LIL UZI VERT,45907542
jbalvinVEVO,45783421
Ben Katz,45644739
Entertainment Tonight,45481932
TheOdd1sOut,45449800
GraceVanderWaalVEVO,45166389
TheAngryGrandpaShow,44963723
Hydraulic Press Channel,44902732
Conor Maynard,44469933
Cut,44449224
Nerdist,44412288
Dobre Brothers,44382806
DALLMYD,44070854
Boldly,44055512
Michelle Khare,43694920
Billie Eilish,43643107
America's Got Talent,43601945
Google Developers,43362746
How To Cake It,43295072
Bleecker Street,43264804
Lil Wayne,42913354
Ben Pluimer,42801449
A24,42692490
Mike Austin,42503849
Butch Hartman,42233867
Carrie Underwood,41806753
The New York Times,41696527
BBC News,41317479
OK Go,41183174
Reaction Time,41154059
Wendover Productions,41144966
Hevesh5,41078824
Good Morning America,40693706
"Tyler, The Creator",40485608
CBS News,40295368
Science Magazine,40217177
Jackie Aina,39944803
Kandee Johnson,39767256
HaileeSteinfeldVEVO,39712033
BURGER KING,39556005
Tide,39538681
HollywoodLife,39219073
TBS,39197247
Coachella,38740070
Inanna Sarkis,38703290
ZEDDVEVO,38631230
Adult Swim,38578045
ABC Television Network,38567664
CBS This Morning,38400483
AzealiaBanksVEVO,38349617
NBC,38306797
Gerry Litwin,38140887
SciShow,38001463
Zoella,37793024
The Official Pokémon YouTube Channel,37676005
RemyMaVEVO,37649768
Shay Mitchell,37649692
Legendary,37558556
New Amsterdam,37502911
FORMULA 1,37085380
Rooster Teeth,36931445
CGP Grey,36805588
NBC Sports,36702044
PitbullVEVO,36668491
FallOutBoyVEVO,35972908
Studio C,35902188
Karina Garcia,35675176
Carli Bybel,35436271
shane,35413539
Camila Cabello,35340290
NHL,34975176
Philip DeFranco,34960179
Liverpool FC,34856951
Gibi ASMR,34749642
Macklemore LLC,34127002
marshmello,34084527
Pinball Wiz,33991190
Tyler Williams,33698264
The Food Ranger,33575837
5FDPVEVO,33501371
Teen Vogue,33394180
KathleenLights,33327785
iKON,33246211
Fueled By Ramen,33174757
PBS NewsHour,33086450
Wouldn't Change a Thing,33064622
Skip and Shannon: UNDISPUTED,33027771
Full Frontal with Samantha Bee,32973495
5MadMovieMakers,32955977
The Infographics Show,32664166
Jess Conte,32572986
League of Legends,32520360
Dani Ochoa,32321375
The View,32278863
DuckSoss,32207818
Prime Video,32010035
Whistle Sports,32007446
FOX 17 WXMI,31903521
FoundFlix,31672161
NBC News,31528074
WatchMojo.com,31183964
Wassabi Productions,30992680
DreamWorksTV,30950233
googledoodles,30926810
Austin Evans,30663944
All is Art,30618743
DONG,30601371
John Lewis,30557393
Natalies Outlet,30353541
Half as Interesting,30264007
IGN,30000167
Mnet K-POP,29980157
Morgan Adams,29858160
MustardVEVO,29818604
Tiffany Day,29757853
Wendy Williams,29735527
The Sims,29687134
boogie2988,29282299
Jeremy Jahns,29250110
TheOdd2sOut,29120441
Gus Johnson,29091111
BBCRadio1VEVO,28992544
TechSmartt,28795673
notnotryan,28773069
Mike Boyd,28654820
Budweiser,28592638
Tyler Oakley,28474353
CBC News,28169056
The X Factor UK,28161814
Impulse,28132818
Brad Mondo,28093537
amazon,27952435
Charlie Corts,27739310
PlayOverwatch,27647704
MyLifeAsEva,27480825
William Osman,27435191
Martin Garrix,27250257
Vsauce2,26923044
the Hacksmith,26804701
Eh Bee Family,26762543
Davie504,26700739
johnlegendVEVO,26492866
MatthewSantoro,26437780
Groupon,26402350
WOWPresents,26042480
Nerdwriter1,25845261
Michelob ULTRA,25810875
Nike,25776205
Tina Yong,25620848
Microsoft Surface,25524002
Major Lazer,25516159
ElleOfTheMills,25365998
KeithUrbanVEVO,25331697
Clash of Clans,25142750
Blake Shelton,25055794
ToniBraxtonVEVO,25039077
SELF,24945845
Jeopardy!,24861087
HvdH-Plane-Spotter,24475287
UFC ON FOX,24193036
TED,24124415
PatrickStarrr,24104829
Rudimental,24053679
FOOD INSIDER,23971240
Sylvia Gani,23914477
Doug Ellison,23832561
Kylie Cosmetics,23717995
IFC Films,23690594
JuliaMichaelsVEVO,23415178
Hamilton: An American Musical,23122801
Mike Shinoda,23055221
McDonald's,22941265
merrelltwins,22776228
Waterjet Channel,22762408
Because Science,22608332
TRL,22575687
Step Up: High Water,22447439
Annapurna Channel,22427789
A Chick Called Albert,22324463
CrashRacing,22199905
ViralHog,22139659
MrBeast,22068205
Watch What Happens Live with Andy Cohen,21978782
Nikita Dragun,21961779
NFVEVO,21923445
Muse,21804186
Snapchat,21791461
Recanto Ecológico Rio da Prata,21405421
SnoopDoggVEVO,21307932
Genius,21234109
ThatcherJoe,21172532
National Geographic,21169679
Dancing With The Stars,21058599
Pitch Perfect,21021349
1MILLION Dance Studio,20959169
iHasCupquake,20816941
radiodisney,20750077
MLB,20671345
Brat,20658205
Battle Universe,20561453
BBC Three,20479623
Kensuke Koike,20459327
MamaMiaMakeup,20394384
Google,20366337
Open Road Films,20319703
DaveHax,20292643
Joey Graceffa,20183463
FC Barcelona,19980575
The Royal Family,19939567
Jason Mraz,19889568
Cole and Marmalade,19877783
BrettYoungVEVO,19850358
samfryltd,19778649
Ultra Music,19749530
BrainfooTV,19644583
Don Diablo,19592890
Niki and Gabi,19531458
Linkin Park,19353808
GPhase,19332330
Lil Peep,19266150
JonTronShow,19103910
The1975VEVO,19101662
KygoOfficialVEVO,19071153
Blonded,19030696
Glam&Gore,19028774
FrenchMontanaVEVO,18885554
Nat Geo WILD,18822664
JayZVEVO,18797516
Chris Stuckmann,18649504
Никита Ордынский,18578173
Michael Dapaah,18510352
Kia Motors America,18470406
SomeThingElseYT,18442108
Dolan Twins,18305623
TechRax,18272347
AmazingPhil,18201915
MGM,18178781
SodaStream,18171927
Condé Nast Traveler,18099467
GoPro,18077756
SabrinaCarpenterVEVO,18017346
Gentle Whispering ASMR,17945431
Guardian News,17929278
Warped Perception,17859579
Bethany Wilhelm,17674210
MLive,17672778
Matthias Wandel,17666832
Clevver Style,17567819
Disney Descendants,17563827
Pepsi,17501532
JerryRigEverything,17499979
Feast Of Fiction,17480558
OmarGoshTV,17401470
Grace Helbig,17376527
SnowPatrolVEVO,17315483
DJSnakeVEVO,17011865
Beats by Dre,16922055
Real Madrid C.F.,16903969
How It Should Have Ended,16880390
Desi Perkins,16868951
Chris Smoove,16851816
Zebra Corner,16838013
NASA Goddard,16824471
ANDREW HUANG,16765839
AntsCanada,16747273
Madelaine Petsch,16664356
CalebCity,16619959
Clevver News,16618059
BLACKPINK,16524026
Kaplamino,16490378
How To Cook That,16470438
The White House,16403196
Good Mythical MORE,16400751
ScatterBrain News,16356708
vlogbrothers,16348565
KYLE HANAGAMI,16285016
Christen Dominique,16197675
Casey Holmes,16176464
MinuteEarth,16168498
Colleen Ballinger,16103078
Tech Insider,16087545
Andre Will Do It,16032054
Rob Scallon,15920501
Highlight Heaven,15912747
MTV,15883738
Hope For Paws - Official Rescue Channel,15873226
Battlefield,15866473
Just Wow me,15864924
Refinery29,15807126
Tanner Braungardt,15722889
LOOK MUM NO COMPUTER,15703449
AdelaineMorin,15623231
Tim Milgram,15552098
Tanner Fox,15521455
CBS Los Angeles,15482919
Yes Theory,15444194
Foot Locker,15409025
The School of Life,15381055
keshaVEVO,15348454
Jordan Wilson,15308631
todrickhall,15286772
Klossy,15236484
H3 Podcast Highlights,15188776
SeanPaulVEVO,15162536
Desimpedidos,15093148
ABC Action News,15050755
The CW Television Network,15029414
Sam O'Nella Academy,15025873
LouisTomlinsonVEVO,14971040
adidas Football,14964217
jennxpenn,14947447
Allure,14930968
Deep Look,14884759
Cyberpunk 2077,14823250
Taylor Nicole Dean,14789738
Adam Smith,14750793
AlishaMarieVlogs,14749611
Bobby Bones,14536534
Maymo,14521677
iamAURORAVEVO,14469378
Wengie,14437979
Brian Hull,14427520
Taylor Swift,14422595
Anna Akana,14419481
Bethesda Softworks,14411766
AnthonyPadilla,14398422
Chris Rosa,14377600
Bobby Duke Arts,14353823
KaceyMusgravesVEVO,14329565
littlemixVEVO,14241026
Lip Sync Battle,14238024
Beats 1 on Apple Music,14229748
Ryan Is Driving,14206395
Simply Not Logical,14186497
Attaullah Malik,14177068
ELLE,14115407
BrasherN,14114169
Iris,14063802
Land Rover,14019124
HarryStylesVEVO,13938107
fosterthepeopleVEVO,13877969
Numberphile,13859988
NiallHoranVEVO,13807964
Swish Daily,13573799
Variety,13571930
iggyazaleamusicVEVO,13505499
SB Nation,13486129
Poppy,13460462
truTV,13346239
NJ.com,13321604
SHAYTARDS,13320756
Jenny Nicholson,13273071
News 5 Cleveland,13229181
joyner lucas,13201711
Chilly Willy,13124922
NBA on TNT,13114688
Disney On Broadway,13064760
CHRIS-RS,12914827
Tanya Burr,12869231
NFL Network,12777656
The Grand Tour,12717282
JasonAldeanVEVO,12693076
Daisy Marquez,12530069
Graham The Christian,12484874
AviciiOfficialVEVO,12421837
JheneAikoVEVO,12361863
PlayStation,12312195
ESPN UK,12155968
Talking Kitty Cat,12141034
gameslice,12052466
Olivia Jade,12049788
theneedledrop,12049373
Today I Found Out,11989085
Kim Kardashian West,11962752
Sam Chui,11779203
Thomas Sanders,11729584
Ryan Canty,11715543
Oscars,11704560
Wong Fu Productions,11674085
The Royal Family Channel,11657887
Omeleto,11656567
U2VEVO,11651587
Doctor Who,11648381
Pokémon GO,11537586
SUMERIAN,11492070
Looper,11484255
圧倒的不審者の極み!,11417717
VICELAND,11409373
CBS Films,11322404
RealLifeLore,11289035
Mr Sunday Movies,11271625
Hayley Kiyoko,11254749
Peter McKinnon,11233817
SmarterEveryDay,11222895
Horizon Productions SFL,11218319
Mark Sales,11206205
SadeVEVO,11189872
Fox News,11157830
Access,11126456
amc,11101112
PHP,10962577
Mark Wiens,10950511
The Real Daytime,10891304
Anthem Game,10823557
ChloexHalleVEVO,10805649
Comedy Central,10787749
MyHarto,10765706
Ten Second Songs,10655992
Brent Pella,10586842
Ben Actis,10455839
emmymadeinjapan,10423254
Maggie Lindemann,10421179
Beats 1 Radio,10396883
Channel Awesome,10333649
Capital FM,10317977
RM Videos,10285122
SuperCarlinBrothers,10278391
Miranda Sings,10273595
Tia Mowry's Quick Fix,10156726
Colleen Vlogs,10127882
Nicol Concilio,10127345
Lyft,10113686
Cracked,10051250
KylieMinogueOnVEVO,10018316
NASA Jet Propulsion Laboratory,10006275
How to DAD,9976996
oregon,9975728
Kylie Moy,9822694
Simon and Martina,9799152
UFC - Ultimate Fighting Championship,9743593
ChrisYoungVEVO,9740916
NCAA March Madness,9724163
AzzyLand,9710058
Rob Bliss,9701123
shgurr,9682280
STARZ,9679166
devinsupertramp,9657002
LexusVehicles,9653435
GeorgeEzraVEVO,9596840
Beyonce,9578073
Christina Aguilera,9567139
Food Wishes,9554832
GameXplain,9494746
H O N N E,9466947
Gallant,9466408
ChrisBrownVEVO,9361727
doddleoddle,9337953
wdwmagic,9265854
Cards Against Humanity,9186934
Harper's BAZAAR,9160988
JohnNewmanVEVO,9136937
Chubbyemu,9131977
TMZSports,9122816
Alissa Ashley,9094406
CNET,9070728
ElectroBOOM,9053164
Battle Universe!,9051461
Veritasium,9051086
Australian Open TV,9035474
Let Me Explain Studios,9030647
FamilyFeud,9007919
Munchies,8999805
USA Gymnastics,8991787
Sprinkleofglitter,8952248
NoahCyrusVEVO,8938720
Orion Pictures,8933850
GingerPale,8931549
Duston Ward,8898135
TromaMovies,8823516
Green Day,8817596
ChrisStapletonVEVO,8750238
Unecht Erfunden,8691274
Ranz Kyle,8676032
The Wendy Williams Show,8645563
PolyMatter,8644522
Tesla,8643270
Rella On the radio,8629097
I Like To Make Stuff,8545733
heyitsfeiii,8500127
Lenarr Young,8487151
Sabrina Claudio,8479401
thegameawards,8454016
FoxSearchlight,8425103
LIVEKellyandRyan,8422946
DIY Perks,8371119
My Virgin Kitchen,8366042
cheeseandjamsandwich,8364659
KBSKpop,8346693
Lisa Eldridge,8309272
MasterClass,8291604
TheInternetVEVO,8274481
A&E,8258936
Cammie Scott,8252738
Zendaya,8234661
Steve1989MREInfo,8223632
Ben Kronengold,8216537
The 2x Family,8200751
Manny Mua,8104400
Jonathan Morrison,8103086
KBAK - KBFX - Eyewitness News - BakersfieldNow,8080063
Revolt TV,8055481
Kitty Hawk,8038124
Eater,7904341
Riverdale,7872450
HOT 97,7850299
E! Live from the Red Carpet,7849951
"Rock me, Joey Santiago.",7806618
Alesso,7786569
The Weather Channel,7784540
mariahxlambily,7763315
RoadsideFlix,7750034
British Vogue,7738220
theCHIVE,7706805
The 1975,7691629
Practical Engineering,7677315
AnselElgortVEVO,7590243
bulletvalentineVEVO,7590086
KKandbabyJ,7570697
Guy Tang,7508430
ChvrchesVEVO,7508337
C-SPAN,7504127
davematthewsbandVEVO,7500468
Sonic the Hedgehog,7463608
Ellie and Jared,7457580
WUSA9,7438228
ワーナー ブラザース 公式チャンネル,7389323
Physics Girl,7384980
KBS World TV,7361683
euronews (in English),7353875
Rapid Highlights,7351956
Global News,7338261
Kris Harbour,7334058
ASMR Darling,7316390
Daniel Howell,7298244
Dorkly,7276493
Leroy Sanchez,7219025
BØRNSmusicVEVO,7190304
littlerobotgirl,7167019
Freddie Lister,7151971
NickJonasVEVO,7069856
Recording Academy / GRAMMYs,7054634
BT Sport,7036213
Candide Thovex,6997284
Engineering Explained,6974892
dope2111,6915252
Nickelodeon,6904110
ThirtySecondsToMarsVEVO,6900112
EllieGouldingVEVO,6860215
HALO,6849514
The Bella Twins,6826745
CrossFit®,6825034
MN khan,6802599
RAP DAILY,6732940
PsychoSoprano,6722392
Patricia Bright,6707897
Carla Resendiz,6692044
Mercury News,6684053
FailArmy,6610961
hp_overload,6599794
BRIGHT SIDE,6582622
Howl Of A Dog,6549569
BBC Earth,6482422
VICE News,6447640
Nick Ramos,6436629
JOLLY,6411264
SB-LII Commercials,6377720
Australia,6365560
JackWhiteVEVO,6361229
TmarTn2,6312181
Avocado,6245242
Chloe x Halle,6178272
SUPERFRUIT,6137973
matt,6110345
KaneBrownVEVO,6086269
"But First, Coffee",6073847
TheBackyardScientist,6037569
Roxette Arisa,6033049
UrAvgConsumer,6017708
Townsends,5976352
영국남자 Korean Englishman,5963784
RedCurtainEnt,5961158
Patrick Nan,5960191
JOE.ie,5954363
The Telegraph,5940518
sWooZie,5913141
MNEKVEVO,5898886
DidYouKnowGaming?,5893127
Zero Media,5869635
Bethany Mota,5849270
Living Big In A Tiny House,5733413
The Pet Collective,5730942
Fifty Shades,5697328
Comicbook.com,5697214
TheSorryGirls,5662347
ConnorFranta,5614775
Rclbeauty101,5599488
MoreZoella,5596985
Алексей Навальный,5579079
Jesse,5529291
ThreeDaysGraceVEVO,5527420
ABC7,5506919
Sailor J,5500591
ALL URBAN CENTRAL,5491645
BachelorsPadTv,5489920
Mashed,5488331
Paramount Network,5482985
BenTheBondsman,5478529
PostmodernJukebox,5474887
JamesAVEVO,5465397
Nyma Tang,5461233
Noah Nicholls,5444065
Maddie Ziegler,5432939
Olympic,5390310
MSNBC,5386633
CNNMoney,5385040
Molly Burke,5384895
ignoramusky,5343886
TheMeanKitty,5306784
Roy Moore for Senate,5247547
GamingWithJen,5204680
It's Okay To Be Smart,5162837
MariahCareyVEVO,5149796
ET Canada,5124037
Mary Giannone,5104265
StingVEVO,5102092
Denitslava Makeup,5077079
EltonJohnVEVO,5050726
Fleur DeForce,5050456
grandayy,5050182
How To Make Everything,5041776
Quicken Loans,5021256
AusAntarctic,4998725
Sprint,4983540
Anna Saccone,4962538
Kid Rock,4950866
AnimalWised,4934303
ColliderVideos,4878064
CBS Miami,4872858
mmschocolate,4856227
acaciacutie,4848557
Shoshana Bean,4848116
Cat Man Chris,4812051
FX Networks,4767521
Warner Bros. UK,4750222
Blue Origin,4721687
kehlani parrish,4721197
USA TODAY,4716875
CNBC,4714530
Real Engineering,4691494
BuzzFeed Nifty,4684925
dodieVEVO,4684398
G-Eazy,4611479
Mean Girls on Broadway,4588362
Nicole Guerriero,4585454
Gigi Gorgeous,4571493
EA SPORTS FIFA,4566662
MITCHELL WIGGS,4549074
WXYZ-TV Detroit | Channel 7,4545273
Bachelor Nation on ABC,4541991
Andrew Lowe,4520045
Vance Joy,4505738
CBS New York,4489513
AvE,4460171
Scotty Sire,4439770
Famous Celebrities Snaps,4437501
Tested,4422515
MGMTVEVO,4413729
TurboTax,4370697
Monster Cable Products,4355010
Bramty Juliette,4353567
RachhLoves,4337129
Extra Credits,4293910
Mashable Daily,4292643
Luke Korns,4281833
Freedom of the Press Foundation,4278714
FliteTest,4276238
Strange Parts,4267916
Huxley Berg Studios,4262244
Lucas,4252876
Netflix Asia,4228105
VICE,4209236
Demi Lovato,4197884
Cam'ron,4193017
The Hollywood Reporter,4192028
Tpindell,4182989
Philly D,4172827
LukeCombsVEVO,4167194
Bill Gates,4162238
Alex French Guy Cooking,4160764
People are Awesome,4151749
Motherboard,4144798
Manifest,4122896
Motion Station,4093682
Dancing On Ice,4088688
MaggieRogersVEVO,4072501
Mikey Murphy,4047328
DanAndPhilGAMES,4033755
R3HAB,4019979
BreakingBenjaminVEVO,4019099
clothesencounters,4009016
Björk,4003900
Jenn Im,4001805
CatPusic,3980451
PBS Space Time,3975296
EA SPORTS,3963227
Jimmy Built,3939399
Studio MDHR,3927734
NZPoliceRecruitment,3921025
Fancy Vlogs By Gab,3907345
Kristen Hancher,3900607
Miss Universe,3889363
Zach King,3878022
Nikki Glamour,3868717
Shawn Johnson East,3866858
Summoning Salt,3854531
Cosmopolitan.com,3845055
Kingdom Hearts,3800738
Cimorelli,3789009
Keyboard Cat,3780490
3Blue1Brown,3760811
Toyota Global,3730960
TV Promos,3665480
Diet Coke,3660760
RackaRacka,3650323
SuperwomanVlogs,3620208
Waymo,3612765
Johnny Jansen,3564086
TopClips247,3562683
Julien Solomita,3546525
Daily Caller,3527339
NowThis World,3513639
Nile Wilson,3508054
Mayim Bialik,3497660
Jack and Dean,3493739
DrinkBODYARMOR,3487437
PONY Syndrome,3473591
Berd,3467562
BBC Sport,3462232
DamonAndJo,3460623
CBS Sunday Morning,3450547
WaterTower Music,3433129
Rebel Wilson,3426561
The Key of Awesome,3418838
ScreenPrism,3415721
Peter Brown,3415675
Yoga With Adriene,3397020
Jack Coyne,3387722
GRB rally,3362723
Portugal. The Man,3356296
Dave Lee,3343806
Magnolia Pictures & Magnet Releasing,3330261
FOX Sports,3328895
BBC Music,3293506
Esther Bellido,3292899
Moulin Rouge! the Musical,3283729
Ján Ilavský,3281173
Freddie Twenty,3255433
Clicknetwork,3250942
West Midlands Police,3236524
foofightersVEVO,3225798
KFC,3225221
Verizon,3222759
Film Independent,3219754
Third Leg Studios,3217651
Piece Of Me Tour Planet Hollywood,3206710
Christine Sydelko,3204278
Awkward Puppets,3193367
Inside the Magic,3189718
MOMOMOYOUTHVEVO,3182617
The Talk,3181976
PrettyMuchVEVO,3177869
fantano,3175764
New Orleans Saints on NOLA.com,3175208
BMW USA,3174474
Scotty Kilmer,3174381
XAmbassadorsVEVO,3171577
Kylie Minogue,3164649
The Orchard Movies,3136894
Buttered Side Down,3132338
Sugar Pine 7,3123696
OneBitMusicVEVO,3110803
Corridor,3098057
ELLEUKTV,3091426
Corinne Leigh,3083103
Muselk,3056994
LD Entertainment,3044534
PB Comps,3038266
Dj Earworm,3034381
Grandpa Kitchen,3023782
The Oregonian,3023652
Super Netvid,3014847
HouzzTV,3003540
ITV,2988445
Radovan Lazic,2956469
Lofty Pursuits,2953345
Laura in the Kitchen,2945684
Cody'sLab,2892443
PLAYERUNKNOWN'S BATTLEGROUNDS,2892032
Avocados From Mexico,2867651
Persil ProClean,2858154
AlisonWonderlandVEVO,2856469
GreatScott!,2852648
CatCreature,2831968
ChangeofplanZ,2826033
Asian Boss,2824858
ToriKellyVEVO,2822348
blackbearVEVO,2822309
Funny Commercials,2821311
John Campea,2820313
N W,2819916
LewisCapaldiVEVO,2807018
standupmaths,2798640
Chris Turner,2791032
United Launch Alliance,2776246
TheScriptVEVO,2774676
alt-J,2769646
Mrwhosetheboss,2730387
BonJoviVEVO,2714342
Claire Marshall,2708371
ScreenJunkies News,2698134
LecraeVEVO,2695370
FightHype.com,2680141
Disney Parks,2676627
Beme News,2675581
AT&T,2673056
Eva Lunde Bentley,2671536
Banana Culture Music,2661336
Vlogs By DK4L,2652236
EvanescenceVEVO,2644211
Techquickie,2635488
tonyvera1902,2633276
H&M,2623070
Jason Yu,2615721
Man About Cake,2611893
Funny New Videos,2594748
Lame Videos,2583029
The king of DIY,2570304
Ricky Dillon,2564513
Coca-Cola,2559038
CaptainDisillusion,2554074
Rapid Trailer,2544518
Squarespace,2543558
BellatorMMA,2517679
CamVEVO,2507442
Omaze,2506259
Malik Nabee,2485536
SPORTSNET,2465357
jenniferhudsonVEVO,2461736
PetaPixel,2457408
New York Daily News,2430114
Sister Circle Live,2428870
Josh Groban,2416748
ShibSibs,2411499
PointlessBlogVlogs,2406749
BBC America,2399932
BeckVEVO,2386317
BrantleyGilbertVEVO,2363589
Sufficiently Advanced,2348034
Wall Street Journal,2347736
MeganBatoon,2344283
Chili Klaus,2343247
blayze999,2337126
doddlevloggle,2336975
DonDiablo,2329716
Pero Like,2329316
Dawid Szmandra,2324333
Victoria's Secret,2316654
RickyMartinVEVO,2298173
Rachel and Jun,2284670
Spotify,2261008
CupcakeJemma,2254012
akidearest,2249890
ColdFusion,2249459
Bkav Corp,2247876
Max Fagin,2242004
Mitchell Moon,2241594
J.J. McCullough,2238989
WhatCulture Wrestling,2226514
The Valleyfolk,2219026
Associated Press,2190037
brutalmoose,2186848
Dr. Sandra Lee (aka Dr. Pimple Popper),2176096
JP & Julia,2167138
Nickelback,2163388
Billy Graham Evangelistic Association,2158361
LavenderTowne,2152537
The Joint Forces Channel,2145023
Why Don't We,2134458
CBS,2132937
SHOWTIME Sports,2126512
CrowsEyeProductions,2122761
Philadelphia Eagles,2101312
Anew Start,2082164
OWN,2073181
Trace Cyrus,2066333
NBA Highlights · YouTube,2063293
Adam's Apple,2063267
austinmcconnell,2042338
PeterSripol,2038260
Gatorade,2031164
My Self Reliance,2024741
RiceGum,2016536
officialcharlixcx,2005775
Max Skipper,2000143
Kristin Johns,1990215
TechCrunch,1986576
MTV International,1969687
Keith Urban,1962651
Millie T,1957326
Passenger,1953666
Keke Palmer,1940696
Troye Sivan,1937252
Vet Ranch,1936133
Campo Santo Productions,1935545
Shade 45,1927753
LadBaby Official,1911447
Alex Meyers,1907690
This Is Us,1899806
JamesBlakeVEVO,1894274
ByronTalbott,1889996
Andrew Rowland,1888321
WeatherTech,1886555
MAZELEE,1886026
Doritos®,1881906
Just Jared Jr,1881672
Top Korean News,1876334
jessiepaege,1874310
Slooh,1869637
Vinheteiro,1855819
thataylaa,1852625
Al Jazeera English,1849646
Asthmatic Kitty Records,1839807
LukeBryanVEVO,1835018
Makeupshayla,1819491
Laura Kampf,1818974
Newsflare,1813073
FIFATV,1812795
Sesame Street,1811365
WhatsUpMoms,1811012
All Def Digital,1807153
Ingrid Nilsen,1806999
SiriusXM,1805745
Shesez,1785251
TheBeatlesVEVO,1776501
Jessica Clements,1773425
Emirates,1771676
TheHoonigans,1770190
TkyoSam,1742243
LifeAccordingToJimmy,1737228
Alabama Crimson Tide on AL.com,1731332
IAmAnneMarie,1726336
TheCubician,1724081
WFLA News Channel 8,1717283
Alex Gilbert,1717257
LoeyLane,1716674
Tom Harlock,1715725
Paweł Zadrożniak,1715221
Rise,1713328
JuJu Smith-Schuster,1704488
SKITTLESbrand,1700600
Everyday Astronaut,1697749
KATC,1680353
Lane Anderson,1679819
Kayley Melissa,1677921
UEFA.tv,1676862
Kyle Jennermann,1673771
Frank May,1669331
Russell Howard,1669230
Trailers Promos Teasers,1651713
UMF TV,1648886
JessieJVEVO,1647502
Mamrie Hart,1628109
Valk Aviation,1609149
CBS Evening News,1607245
KIND Snacks,1597750
communitychannel,1596177
Ubisoft North America,1593483
Hudson Moore,1581744
Tyler Stalman,1581403
LustreLux,1578780
DoodleChaos,1578502
DragTimes,1577536
It's a Southern Thing,1572514
KTVU,1567786
Lorraine,1567723
Paris Hilton,1558854
Cristi Cristian,1556025
WHAT'S INSIDE? FAMILY,1544788
The Scran Line,1539249
Shmee150,1528667
Crusoe the Celebrity Dachshund,1525704
Solid Gold Aquatics,1509705
Ozuna,1498866
StorrorBlog,1492977
I.T. Channel,1489992
The Deal Guy,1483511
TobyMacVEVO,1477864
Galantis,1467304
Kortney Steury,1450041
PeopleTV,1438792
Joan Kim,1420931
YTN NEWS,1419929
Animal Planet,1418374
Circus HalliGalli,1417632
GwenStefaniVEVO,1414601
Andre Black Nerd,1407282
BerkleyLovesTori,1405747
IncubusVEVO,1403575
Braille Skateboarding,1397711
Dale Dai,1392244
4given4ever1,1386051
Beth Kobliner,1377729
Wix.com,1373974
TheKillersVEVO,1366893
Katzun,1358038
This Might Get,1355218
Quartz,1354015
NewsFunnies,1353790
Special Books by Special Kids,1347394
Matt Steffanina,1345797
Hunter Hayes,1344582
lara6683,1343869
FILMWEBTV,1338498
Caspar,1336644
BaconLegs,1330172
TheTimTracker,1323979
Pitchfork,1317806
Jake Roper,1309901
Car Throttle,1308578
Pittsburgh Dad,1302909
Seth's Bike Hacks,1302485
Adam Neely,1297318
Pick Up Limes,1295458
To Scale:,1288270
Alec Steele,1285670
Royal Blood,1283922
India Love,1282828
slaymeclarkson c:,1282029
Erin Noelle,1268878
Mercedes-AMG Petronas Motorsport,1267986
RagnBoneManVEVO,1265911
BBALLBREAKDOWN,1265138
Seonkyoung Longest,1264699
BellaThorneVEVO,1260240
"Cyprus Air Heating, Cooling and Fireplaces",1259046
Bethel Music,1257393
India Survival Guide,1256995
End of Ze World,1251036
Kraft Brand,1248146
Hush Kit,1241321
HANSE 한세,1230525
Just Between Us,1227100
TheJuicyJVEVO,1225957
ThePianoGuys,1222405
John Maclean,1218763
See You Yang,1217826
hwow,1215647
Toyota USA,1201986
stacyvlogs,1201263
NinaNesbittMusicVEVO,1198042
Saint Louis Chess Club,1196820
Now You See It,1196375
IFC,1189632
Kacey Musgraves - Topic,1188840
Allie Glines,1186551
Mental Floss,1181768
StarTalk,1181596
MrTreknation,1181377
Sara Dietschy,1179980
Lindsay Webster,1178823
Squirrel Monkey,1172874
Street Speed 717,1166355
Sauber F1 Team,1164276
Jon B.,1163281
Access Hollywood,1163042
Conan Gray,1162250
MrMobile [Michael Fisher],1155974
Donald J. Trump Topic,1155214
OlanRogers,1152781
ScottyMcCreeryVEVO,1152025
Violin MD,1151377
BETNetworks,1143074
HaimVEVO,1128822
ARIKITCHEN (아리키친),1120759
That Japanese Man Yuta,1111674
Shameless Maya,1110217
Forgotten Weapons,1093644
Drew Lynch,1086603
The Rock,1083966
This Morning,1083689
Bravo,1072149
Abhishek Singh,1070903
Edward Avila,1069816
Nathan Robinson,1067078
Chris Lee,1065691
Goodwillsandusky,1064013
SupremeSounds,1044035
Animal Adventure Park,1038309
Shyrynne,1035381
Walking With Giants,1031035
L2inc,1029076
Alto's Adventure,1025636
Hazel Hayes,1021787
Danny Sapko,1018573
leonalewis,1014765
Tim Gray,1013352
SaggyJ,1005159
Blurred Culture,1005042
Daz Games,1000208
Dennis Kapatos,976061
Arden Rose,963110
Theme Park Review,961799
MoorInfo,958422
Gcincorp Ecommerce and Real Estate,945599
Máquina Voadora,942188
TheVampsVEVO,940982
Evan Edinger,940371
Gustawny,934099
Tom Stanton,933815
TV One,931829
ToveLoVEVO,930627
eLL cartoons,929378
Cody'sBLab,926065
Jessica Vu,923493
MaccabeatsVideos,922695
Matt and Kim,922543
danisnotinteresting,921606
Merrell Twins Live,910520
emma chamberlain,897607
Max Joseph,895352
Check It Out,894787
Alpha Entertainment,894601
Doug Jones for Senate,893385
Technology Connections,887694
Beyond The Trailer,879400
Funny News,870774
PhakeNam,864560
KipMooreVEVO,857590
U.S. Navy,851915
Cultaholic,847019
EntertainmentVevo,845262
Strange incident,835050
engineerguy,826276
Sailing La Vagabonde,822255
Tessa Violet,822179
Bret Baier,820339
Pixielocks,818336
Moby,817445
INQUIRER.net,815327
Billions,804500
David Sistaro,797804
David Archuleta,786640
Wintergatan,783946
Movieclips Coming Soon,782848
Amber Liu,772801
Michael Bublé,772722
NBA Stats All Seasons,768746
MandisaVEVO,765649
Sports Illustrated,755643
Vic Dibitetto,753604
Ryan Davidson,744168
barnabydixon,740632
Kevin Durant,728354
Mountain Dew,721569
Southwest Florida Eagle Cam,718213
BishopBriggsVEVO,717893
HQVideoDude,717486
WildTurkeyBourbon,715119
ParsonJamesVEVO,706615
Interscope Records,705137
Good Morning Britain,702210
Wallows,700538
New England Patriots,697340
MassLive,696323
POPSUGAR,695497
Jon Olsson,693911
Derek Hough,693299
BleachersVEVO,692242
HANSON,688533
yovo68,684547
Kotaku,684418
NIXOLAS,680855
Funny Or Die,670002
Alex Aiono,668645
StanDrawsSpaceships,668487
Guldies,668256
CYNVEVO,665088
FundingCircleUK,664053
BUILD Series,663095
Jacob Collier,662097
Hopeless Records,661607
Topi The Corgi,660916
"European Space Agency, ESA",659754
voordeel,658993
The Modern Rogue,657549
Liam Gallagher,651947
DunkFest,651570
JarJar Abrams,643117
The Office US,642444
494ta,637942
The Cuddle Squad,634593
Hillsong Worship,632268
Anthem Lights,624703
LGR,613475
Aunty Donna,613206
SumerianRecords,612754
ombremor,612401
Movie Munchies,607934
officer401,604280
Star Wars HQ,603859
mittromney,601563
Itzztonytony,600850
BRITs,600504
Abroad in Japan,600360
CS Dojo,599996
kimbramusic,596655
VidCon,594962
Business Insider UK,593058
Stratolaunch,587619
JK Brickworks,586820
Absolut,586498
JoergSprave,581166
StudiocanalUK,580660
Ryan Calme,578771
Duncan Sinfield,576127
Desus & Mero,566387
LaMadelynn,566144
TNT,563674
AIA awards,558585
TiffyQuake,556909
Samantha Maria,556582
Trevor Moran,553866
Henry Prince Mak,552535
PAC ENTRETENIMENTO / DJ IVAN DAVIS,548778
X Games,548768
SHOWTIME,546964
JackJohnsonVEVO,543788
Kitten Lady,543681
Mike Diva,539059
Steve TV Show,533630
Lucy Moon,532472
Gemma Stafford,531703
geicocaveman2012,530967
Chris Reinacher,527908
Like Stories of Old,527044
NitroV2,524217
The Thought Emporium,519630
Sparkee Music,516750
Popcorn with Peter Travers,513918
BeOurGuest,513554
Golden State Warriors,513465
Techmoan,508899
rock on,507954
The Ohana Adventure,506612
souviendra,506362
KISS FM UK,506043
Christopher Davis,503761
Bruce Land,500381
Jessii Vee,497080
Peloton,495919
nickjonas,495637
The Square to Spare,495118
CrazyLaughAction,494534
The Lore Master,491300
cocheusadoooo,489259
JohnnyQ90,487665
Donut Media,482313
Tom Daley,477464
mugumogu,477173
NASCAR,469585
cineytele,467030
Exploring Alternatives,466876
New Scientist,465893
Nobrand,464396
Frog The Rooster,463694
Pomegranate Sunshine,459914
What I've Learned,459479
Cleveland Cavaliers on cleveland.com,458973
Ryan Williams,456724
Turn10Studios,456379
RawBeautyKristi,455842
Redline Reviews,454709
Carly and Erin,452549
Tamar Chronicles,451356
MsAaliyahJay,451113
thevirts,447339
XenonJohn,445768
J S,442190
Amazon.co.uk,438045
Parks and Recreation,432930
2CELLOS,432186
Applied Science,430027
FreeDawkins,419881
Big Ten Network,416925
Sriram Murali,415228
Youtube Tea,413650
60 Minutes,413405
Chad Kroeger,412812
FunForLouis,412642
Tony Baker Comedy,409974
The Alex Jones Channel,409690
Elton John,408977
The Warp Zone,407637
X Factor Italia,407107
Samsung Mobile USA,405964
Estée Lalonde,405897
onsetfacilities.com,404058
Missouri Star Quilt Company,401909
The Atlantic,400933
CMT,396418
Late Show with David Letterman,386441
mvt.ias,383216
Inthefrow,380708
E! News,378952
ilikeweylie,378807
Choir! Choir! Choir!,376955
Senator Chris Murphy,371306
Campari,368741
The Unipiper,368536
WE tv,361732
Shaaanxo,361165
Anaki Abo,358597
BowlFullofAwesome,356034
Reach Records,355827
Kyle Gunderson,355321
Vote The Process,355227
Jessica Braun | JAMbeauty89,354169
NFL World,351884
Be Amazed,350207
DJI,347586
BehindTheSounds,347321
Peter Caine Dog Training,347282
Honda,347229
mayratouchofglam,345015
Function,344879
Peaceful Cuisine,343037
Cody'sLab Backup,342379
Channon Rose Vlogs,340859
startelegramvideo,339941
Chicago Sun-Times,337585
Lauren Elizabeth,336452
FOX,335797
ElbowVEVO,335100
DreamCastle_629,333734
cgriesemer,332627
ODE,328132
Hannah Meloche,327407
RachelPlattenVEVO,326520
Sam Sheffer,321664
Symon,321089
East Idaho News,317988
empireofthesunvevo,317301
nothorwitzer,317049
lisbug,315699
Red Robot - Intelligent Distribution,313531
Chevrolet,312930
3D Printing Nerd,312437
KFlayVEVO,310355
Barn Sanctuary,308985
Pop & Sports HQ,305899
JAY,304415
Ford Motor Company,302706
Brian Klug,302393
Sound Bites,300923
monatheband,296708
Polyphonic,294806
heroedelahistoria,294757
HiHo Kids,293612
AlmazanKitchen,291454
Zach Simmons,291189
colourpopcosmetics,290848
Renault Sport,284755
Darren Criss,284049
Will Darbyshire,283392
Lifetime,277438
Sport Hub,276569
Izac Less,276540
Radio Andy,276219
UJ,271369
Chris Hadfield's Rare Earth,269507
The Bachelor Insider,267381
CrashCourse,261871
Dustin Penner,261544
GohmertTX01,260000
Whitney Avalon,259070
dannotv,258506
Errant Signal,258330
Midnight Video,258080
Los Angeles Times,256597
MrNorrisVideos,255161
TimandFaithVEVO,254519
Taylor R,252379
Scott Manley,251363
Tryst Network,250298
Despierta América,249627
Fox Business,246873
The Cincinnati Zoo & Botanical Garden,245722
Barcroft Animals,245627
Storyful News,244532
Chris and Jack,242990
"One List , One Life",241520
Ryan,241409
LaToya Forever,240801
shurap,240246
Lotto New Zealand,239401
kawaiisweetworld,238467
Mayo Clinic,237307
kmichelle,236609
Duan Mackenzie,235838
Smyang Piano,234553
Jalopnik,234387
Viva La Dirt League,233460
hudsonunionsociety,233441
Helen Anderson,232032
Halfway Anywhere,231541
Bundesliga,230864
MYSTERY SCIENCE THEATER 3000,229716
CFL Insider,228099
Ryan Northover,227989
CrossKut316,227777
FaeryInLoveInc,226629
Marco Reps,225914
PrincessPiaMiaVEVO,224819
Cloth Map,223952
paul wheaton,221425
Frankie Vision,220548
Star Wars Coffee,220237
greyson97,219215
Hin Nya,218855
Official Charts,218781
Nathan C,215552
ThisDustIn,214742
Roadshow,213860
Monster Energy,213682
Gondwana Collection Namibia,213584
Useless Duck Company,213163
42Fab - Metalworking and Multi-Medium Fabrication,212046
Specialized Bicycles,208577
SnekTek,204398
Sherylcrow,204105
Recode,203127
Steeper33,201706
Livia Giustiniani,200257
WTHR,199435
Technomanila,197714
Big Cat Rescue,197455
QUARTZ,196913
reputationswift,195058
MattMasonPhotography,194693
PESfilm,192332
SBS TV동물농장x애니멀봐,191934
Rappler,191869
Popular Woodworking,191448
Rainer Hilland,190023
Pac-12 Networks,189886
Marteen Estevez,188200
Amelia Liana,186306
Shantell Martin,186274
Adult Swim UK,186062
Mecum Auctions,184459
SRAM MTB,183730
Mark Ferris,183572
Confuse News,182858
Twin Shadow,182815
D3sports.com,181242
MODSUN,180919
ТСН,180711
The Angie Martinez Show,180119
MassMutual,179241
Michael Callaghan,179013
12 News,177970
Tucker Gott,175852
Srinath .S,174320
ATPWorldTour,171452
David Windestal,170351
KSNV News 3 Las Vegas,169511
Obama Foundation,169118
Barstool Sports,168760
NOLA.com,167121
AutoGuide.com,164656
52 Skillz,164490
Jamie Demeter,163780
Burritoxman,162396
StoryCorps,162346
smoothiethecat,160527
chris lee,160012
CMAVEVO,159222
SIRAH,157979
Ivan Miranda,156688
TheGracieC,156094
melodysheep,154695
Momentum Pictures,153584
BTS Videos,153341
Sports Lovers n1,151148
Dina Tokio,149928
neilyoungchannel,149839
BenDeen,146304
Highsnobiety,144133
Jessica Kellgren-Fozard,142863
Smequle,142373
The Tommy Edison Experience,142024
LiveOverflow,141366
rollingstoneonline,141352
TSN Tube,141052
Auralnauts,140784
James Veitch,139989
MOBO Awards,139451
Xscape - Topic,137756
David Jardine,136175
CBS Chicago,135585
Mr Ben Brown,135026
BAFTA,133203
Kingsley,131287
Cartoon Hangover,131083
Kelly Eden,130715
Song Of Style,129256
Torm place,127907
Canada Soccer,126927
Movie'n'co UK,124733
Wendy's,124022
gamelovercommercials,123153
RetroManCave,121971
In Case You Missed It,120474
Healthcare Triage,119893
FloSports,116600
The Ringer,116487
RocketJump Film School,114859
The Anna Edit,112510
Spinach Dippa,111661
The Sports King,111141
IGN News,110977
blvck King,110416
Owen Harvey,110072
Haru the Shiba Inu,109804
cicigoodies2011,109664
Us Weekly,109438
MDNA SKIN,109222
Terrormink,109170
Loudwire,108570
David Seymour,108116
The CGBros,106718
Onur Altuğ Sever,106135
NASA,106127
It's a small world,105203
Tina Nguyen,105157
Daily Davidsons,104586
razzark666,104148
Maddie Lymburner,104116
Penguin Books UK,103084
Nicki Shields,102765
XFL,102749
mike m,102560
Chriselle Lim,102062
LissieVEVO,101583
TraceyThornVEVO,101406
bigclivedotcom,101100
AirPano,100412
Enter Shikari,99619
Rachelleea,98962
Daelric,98287
Caravan Carolyn,97321
So I Had This Idea...,97217
Chappell Roan,96111
Alicia Keys,95944
Elvis Duran Show,95505
poofables,95085
Unique Vibes,94323
marjolijn2,94077
Lily Pebbles,91167
Karim Jovian,91110
Caters Clips,90454
Apple Support,90362
Sevdaliza,90206
Mustache Wax,89905
BillyCrammer,89872
EVNautilus,89132
Ben Rohrbach,89113
Feelunique,87785
Royal Academy of Arts,87284
Aymeric Favard,86075
Writers Guild of America East,85459
Navenanthen Gepardieu,84501
MisterWivesVEVO,83853
DopeBoyTroy,83768
KickThePj,83200
Mercedes-Benz,82801
RealNewsNetworkMedia,82700
Huw Parkinson,82573
Tu Fan,82087
legofreedom1,81709
Summit,81647
gzumwalt,81483
SR Trailers and Interviews,81445
flirppy242,80022
World Eyes,79533
Hollyscoop,79137
Oscar Fury,78493
JimBrowski 96HourNews,78474
DrMachakil,77798
Brothers Green Eats,77630
Syracuse Orange,76190
Dylan Locke,75929
lugeyps3,75807
Invisible People,74868
Andy Grammer,74566
fuzywazacolin,74307
Empire,73730
Bob Przybylo,73390
Channel 4,73387
Philadelphia 76ers,70814
CBS Philly,70221
First Aid Kit,70077
WGA West,69555
Paul Sellers,68025
Whyte Foxx Music Videos & More,67944
Real World Records,66888
Kevin Noonan,66740
Emma Massingale,66436
DrakeBellVEVO,65973
Kat Cunning,65739
The Inertia,65371
TheUnlockr,65222
Tom Thum,64822
AmandaMoor & Craft Ideas,64719
Bloomberg Politics,64316
Tony Berza,63448
Fontgod,63389
Domain of Science,62062
Business InsiderAu,61875
Turbo Conquering Mega Eagle,60624
Topic,58585
MK Dons,58437
Amanda Palmer,57481
Benn and Gear,57047
Matoma,56602
Mom Will Be Proud,56466
Katy Perry,56012
MovieAccessTrailers,55746
Whitney Port,55398
Hannah Witton,54584
COVERGIRL,53276
Talks at Google,53000
Tim Barrett,52428
The Royal Ocean Film Society,51057
Marie McGann,51051
Bloomberg,50503
Catch-Up TV,50019
Clark Zhu,49596
NBA on ESPN,49357
Xbox,48735
Vat19Nvjds,48416
The Players' Tribune,47122
Braxen McConnell,46980
Just Marcus,46706
Austin Burk,45967
misleadingsilhouette,45096
FerrasVEVO,44195
730 WVFN,43896
Lamborghini,43585
FrownsUpsideDown,43332
RESSENCE WATCHES,42187
Kanimuna Kisaka,42088
Eric Strebel,41509
Genuine Survival Research Labs,39113
Video Library,38824
Outback Steakhouse,38782
PhilPhillipsVEVO,38068
HACKADAY,36823
YBF Chic,36719
MARIO TESTINO,36452
Oceana,36420
Audience Network,35543
Marcos Horacio,35332
Mike H,35257
Max Hertan,34746
Represent.Us,34212
CityNews Toronto,34133
greeenpro,33547
K Yuen,33260
Dish Nation,33230
pjmorton,32837
NoahKahanVEVO,32509
MiddleKidsVEVO,32433
Trevor Wallace,31048
astroboy1960,30858
Amarullah Rizky,30801
tovestyrkeVEVO,30716
ROME REPORTS in English,30508
Lawrence Livermore National Laboratory,30361
ClovesVEVO,30260
The University of Chicago,30184
TrainVEVO,30021
toofacedcosmetics,29617
Rainsford,29054
Guinness World Records,28539
Disneyland Experience,28303
David Steuer,27779
BrianJustinCrum,27010
郭韋辰,26964
Prince Marcus,26651
PekingDukVEVO,26117
Bini the Bunny,26102
Movieclips Film Festivals & Indie Films,26033
shoaib246,25796
Maker's Box,25780
vnbreyes,24546
yeokm1,24311
Spectrum Haleskarth,24247
theSkimm,24205
Ford Europe,23852
Humble Design,23634
King Princess,23506
Stefany Gonzalez,23442
WQAD News 8,22872
Birdbox Studio,22695
American Bridge 21st Century,22690
Plasma Channel,22660
Hak5,22417
Commercials Funny,22034
Freemeo,21441
Entertainment Weekly,21321
Gregg Peterson,20581
Milkmen Design,20507
WLKY News Louisville,20229
NWSSanDiego,19932
DKDKTV,19662
Car Commercials of the Past,19021
ladygagaarraza,18916
VOsprey22,18856
Davey Swatpaz,18832
Mark Linsangan,18783
Voicebot,18578
Red Bull Records,18278
Tegan and Sara,17855
Hybrid Network,17081
Kita Osaka,16910
Crafty Panda,16433
LetsGoWarriors,16305
Quad9 DNS,15940
Tamika Hall,15658
VideoGameAds,15658
AFP news agency,15574
"monday.com, formerly dapulse",15544
DaHoopSpot Productions,15532
Viral Paws,15461
Billboard News,15451
The Sydney Morning Herald,15321
HARRY,15311
Carlos Campos,15245
RZSS Highland Wildlife Park,14501
Geoff Mallinson,14363
GrDrtube,14289
FRANKIEmusicVEVO,14223
Masters Of The Sun,14142
automotivemaster1972,14131
The Current Source,14114
Any rubbish,14014
Radio Physics and Electronics,13958
Hot Dad,13676
UCAN Zippers USA,13648
Flash Rahbbit,13361
lugnutsoldcrap,13061
ekaggrat singh kalsi,12787
jeremiah johnson,12749
NOVA's Secret Life of Scientists and Engineers,12740
Blockbuster,12609
Charles Chan,12515
BeyondSlowMotion,12468
John Varvatos,12281
FlyFastandLow,12177
Must Love Science,11924
Josh Levine,11638
Rock & Roll Hall of Fame,11594
F Milburn,11486
daronjay,10991
bitluni's lab,10891
Joshua Levin,10845
RihannaNavyVevo,10754
Desktop Makes,10741
GinWigmoreVEVO,10682
MILCK,10668
SiggasNation™,10525
LOFTON SHAW,10437
Slednecks,10259
Kerry Wong,10247
iotexpert,10067
CyclingTips,9911
eba era,9699
CoinDaddy,9577
Electron Dust,9353
HOTSPOTATL,9331
Atlanta Hawks,9202
Sieuwe Elferink,9181
Speks,9158
iDB,8436
Voltfolio,8266
Mike Olbinski,8177
Freeform,7978
John Sellars,7936
IsraeliPM,7681
Define American,7427
Context Information Security,7392
Dean Anderson,7325
Tentmaker Pictures,7275
NARLtv,7244
Kevin Stein,7151
revlon,7130
Kevin Rabatin,7087
Bee Ly TV,7083
Shawn,7036
Saved By The Max,7008
National Safety Council,6832
Michael Rigsby,6771
Penguin Books South Africa,6736
New York Magazine,6633
Stewart Brand,6412
Science vs Cinema,6320
edlover4real,6172
Saskatchewan Rush,6153
I'm With Her,6148
Ross Kempsell,6027
Na So We See Am,5933
FacelesswithEyesOpen,5840
Taylor Alexander,5584
PK Inventor,5509
Pies Are Awesome,5373
littleBits Electronics,5361
CNLohr,5224
negermano,5209
Nahre Sol,5149
Aerie,5144
The Scam On Demand,5107
Taras Malyar,5086
Newsy,4953
Caterham Cars,4850
Skelly Robot,4767
Rob Andretti,4644
dekuNukem,4636
Madmorda,4541
J Gasser,4468
Missguided,4371
JanPaul123,4253
Facelesstech,3927
9-1-1 on FOX,3911
TDAmeritrade,3831
Neil Fraser,3812
Thomas Sebastian,3788
University of Rochester EEOC Complainants,3773
taalk com,3757
The Nocturnal Alchemist,3712
Republican News Watch,3596
Chris Sturgeon,3438
Maggie Smith Kühn,3411
DraftExpress,3384
MickMake,3237
Grist,3133
CIRCUITBEARD,3114
Adam Whitley,3053
Single Shot,2951
Sarasota Police Department,2769
WhatsApp Wacky,2585
Cleveland Browns,2416
Vostok.bike,2322
Steve Kovach,2259
Palo Alto Online,2116
Jenny Hanell,1827
CHauserable,1807
Total Combat,1722
OjO Commuter Scooter by OjO Electric,1706
GoDucksdotcom,1391
90s Commercials,773
and a few that no one knows about! Make sure you say hello and hit the subscribe button,
video and feature stories to the world’s largest media publishers.,
pop culture,
"and culture.\\n\\nGarry Kasparov Answers Chess Questions From Twitter | Tech Support | WIRED\"",
under the direction of Roar Uthaug (“The Wave”),
how to boardslide,
Brie Larson,
"2018. (Joel Bissell | MLive.com)\"",
"and culture.\\n\\nGoogle Search Team Answers the Web's Most Searched Questions | WIRED\"",
” “Iron Man 3”).  The music is by Tom Holkenborg (“Mad Max: Fury Road”).,
ideas and guidance help her conquer her world with confidence and style.  Glamour is your guide to career and lifestyle advice. Discover the latest fashion trends,
"and culture.\\n\\nStranger Things Cast Answer the Web's Most Searched Questions | WIRED\"",
,
USA,
no I don't bleach or color my hair,
culture,
"and culture.\\n\\nTony Hawk Answers Skateboarding Questions From Twitter | Tech Support | WIRED\"",
& trying new things and adventures in new lands!,
the newsgathering process or whatever aspect of the news universe you find interesting or important. Subscribe: http://smarturl.it/AssociatedPress,
and restaurant guides. Stay current on the latest food trends,
and world affairs—Vanity Fair’s features and exclusive videos capture the people,
ingredients,
"and culture.\\n\\nWill Smith &amp; Joel Edgerton Answer the Web's Most Searched Questions | WIRED\"",
jade rollers,
"and culture.\\n\\nInside the Quest to Make Lab Grown Meat | WIRED\"",
“Tomb Raider.”,
"and culture.\\n\\nThe Ultimate Paper Airplane | WIRED\"",
"and culture.\\n\\nJohn Cena Answers the Web's Most Searched Questions | WIRED\"",
she refuses to take the reins of her father’s global empire just as staunchly as she rejects the idea that he’s truly gone.  Advised to face the facts and move forward after seven years without him,
” “Django Unchained”),
Michigan; 19-year-old Syrian refugee and advocate for girls' education Muzoon Almellehan; and 18-year-old model,
"and culture.\\n\\nExpert Explains One Concept in 5 Levels of Difficulty - Blockchain | WIRED\"",
"and culture.\\n\\nJerry Rice Answers Football Questions From Twitter | WIRED\"",
roundabout and marginally scientific adventure exploring fermented foods and more. From cultured butter and kombucha,
who—against the odds and armed with only her sharp mind,
"and culture.\\n\\nBlack Panther Cast Answers the Web's Most Searched Questions | WIRED\"",
videos,
a Warner Bros. Entertainment Company,
"and culture.\\n\\nInside Keanu Reeves' Custom Motorcycle Shop | WIRED\"",
"and culture.\\n\\nJerry Rice Answers Football Questions From Twitter | Tech Support | WIRED\"",
” says sex columnist and Viceland host Karley Sciortino ​of her unconventional go-to product,
Lorenzo’s,
product reviews,
"and culture.\\n\\nThe Last Jedi Cast Answers the Web's Most Searched Questions | WIRED\"",
lorighittas,
"and culture.\\n\\nWhy It's Almost Impossible to Do a Quintuple Jump | WIRED\"",
"and culture.\\n\\nSesame Street Puppeteers Explain How They Control Their Puppets | WIRED\"",
and the best of food,
"and culture.\\n\\nBlockchain Expert Explains One Concept in 5 Levels of Difficulty | WIRED\"",
bulky ring-box.\n\n**To use or license this video please contact Licensing@catersnews.com**,
deaths,
"and culture.\\n\\nVFX Expert Breaks Down The History of Shrinking People in Movies | WIRED\"",
providing high-quality,
"and culture.How Black Panther's Visual Effects Were Made | WIRED\"",
"and culture.\\n\\nHow This Guy Folds and Flies World Record Paper Airplanes | WIRED\"",
"and culture.\\n\\nAstronauts Answer 50 of the Most Googled Space Questions | WIRED\"",
Zedd's Grammy sits next to a poop emoji.,
"and culture.Terry Crews Answers the Web's Most Searched Questions | WIRED\"",
"and culture.James Cameron Answers Sci-Fi Questions From Twitter | WIRED\"",
"and culture.James Cameron Answers Sci-Fi Questions From Twitter | Tech Support | WIRED\"",
style advice,
"and culture.\\n\\nWhy It's Almost Impossible to Throw a 110 MPH Fastball | WIRED\"",
"and culture.Astronaut Chris Hadfield Debunks Space Myths | WIRED\"",
"and culture.\\n\\nAstronaut Chris Hadfield Debunks Space Myths | WIRED\"",
"and culture.\\n\\nJennifer Garner Answers the Web's Most Searched Questions | WIRED\"",
"and Meghan Markle | The New Yorker\"",
"and culture.\\n\\nJames Cameron Answers Sci-Fi Questions From Twitter | WIRED\"",
"and culture.\\n\\nTomb Raider's Alicia Vikander Answers the Web's Most Searched Questions | WIRED\"",
"and culture.Shawn Mendes Answers the Web's Most Searched Questions | WIRED\"",
